id,listnum,category,item,group
S101,2,animals,cheetah,fakegroupB
S101,2,animals,lion,fakegroupB
S101,2,animals,hiena,fakegroupB
S101,2,animals,parrot,fakegroupA
S101,2,animals,lovebird,fakegroupA
S101,2,animals,cat,fakegroupA
S101,2,animals,germansheperd,fakegroupA
S101,2,animals,terrier,fakegroupA
S101,2,animals,poodle,fakegroupA
S101,2,animals,bluerussian,fakegroupA
S101,2,animals,persian,fakegroupA
S101,2,animals,humunukuapuaa,fakegroupA
S101,2,animals,pufferfish,fakegroupA
S101,2,animals,robin,fakegroupA
S101,2,animals,giraffe,fakegroupA
S101,2,animals,elephant,fakegroupA
S101,2,animals,hippo,fakegroupA
S101,2,animals,monkey,fakegroupA
S101,2,animals,shark,fakegroupA
S101,2,animals,antelope,fakegroupA
S101,2,animals,rhino,fakegroupA
S101,2,animals,feasent,fakegroupA
S101,2,animals,quaill,fakegroupA
S101,2,animals,snake,fakegroupA
S101,2,animals,leaopard,fakegroupA
S101,2,animals,warthog,fakegroupA
S101,2,animals,sebra,fakegroupA
S101,2,animals,zebra,fakegroupA
S101,5,animals,cheetah,fakegroupA
S101,5,animals,cat,fakegroupA
S101,5,animals,dog,fakegroupA
S101,5,animals,lion,fakegroupA
S101,5,animals,bird,fakegroupA
S101,5,animals,fish,fakegroupA
S101,5,animals,antelope,fakegroupA
S101,5,animals,elephant,fakegroupA
S101,5,animals,hiene,fakegroupA
S101,5,animals,hiena-,fakegroupA
S101,5,animals,hippo,fakegroupA
S101,5,animals,zebra,fakegroupA
S101,5,animals,peacock,fakegroupA
S101,5,animals,pig,fakegroupA
S101,5,animals,warthog,fakegroupA
S101,5,animals,polarbear,fakegroupA
S101,5,animals,grizzlybear,fakegroupA
S101,5,animals,parrot,fakegroupA
S101,5,animals,lovebird,fakegroupA
S101,5,animals,sunconure,fakegroupA
S101,5,animals,duck,fakegroupA
S101,5,animals,goose,fakegroupA
S101,5,animals,swan,fakegroupA
S101,5,animals,hors,fakegroupA
S101,5,animals,jaguar,fakegroupA
S101,5,animals,monkey,fakegroupA
S101,5,animals,snake,fakegroupA
S101,5,animals,mouse,fakegroupA
S101,5,animals,ant,fakegroupA
S101,5,animals,llama,fakegroupA
S101,5,animals,dolphin,fakegroupA
S101,5,animals,fox,fakegroupA
S101,5,animals,chiken,fakegroupA
S101,5,animals,rooster,fakegroupA
S101,8,animals,cheetah,fakegroupA
S101,8,animals,lion,fakegroupA
S101,8,animals,elephant,fakegroupA
S101,8,animals,jaguar,fakegroupA
S101,8,animals,snake,fakegroupA
S101,8,animals,polar,fakegroupA
S101,8,animals,bear,fakegroupA
S101,8,animals,grizzlybear,fakegroupA
S101,8,animals,antelope,fakegroupA
S101,8,animals,snake,fakegroupA
S101,8,animals,mouse,fakegroupA
S101,8,animals,ant,fakegroupA
S101,8,animals,hare,fakegroupA
S101,8,animals,bunny,fakegroupA
S101,8,animals,goose,fakegroupA
S101,8,animals,geese,fakegroupA
S101,8,animals,swan,fakegroupA
S101,8,animals,bees,fakegroupA
S101,8,animals,beatles,fakegroupA
S101,8,animals,grasshopper,fakegroupA
S101,8,animals,frogs,fakegroupA
S101,8,animals,fox,fakegroupA
S101,8,animals,sparrow,fakegroupA
S101,8,animals,turkey,fakegroupA
S101,8,animals,tortoise,fakegroupA
S101,8,animals,wolves,fakegroupA
S101,8,animals,guineapigs,fakegroupA
S101,8,animals,pigeon,fakegroupA
S101,8,animals,chiken,fakegroupA
S101,8,animals,rooster,fakegroupA
S101,8,animals,whale,fakegroupA
S101,8,animals,dolphin,fakegroupA
S101,8,animals,shark,fakegroupA
S101,8,animals,snail,fakegroupA
S101,8,animals,slug,fakegroupA
S101,8,animals,dog,fakegroupA
S101,8,animals,cat,fakegroupA
S101,8,animals,bird,fakegroupA
S101,8,animals,fish,fakegroupA
S102,0,animals,bear,fakegroupA
S102,0,animals,cat,fakegroupA
S102,0,animals,dog,fakegroupA
S102,0,animals,bird,fakegroupA
S102,0,animals,skunk,fakegroupA
S102,0,animals,tiger,fakegroupA
S102,0,animals,lion,fakegroupA
S102,0,animals,zebra,fakegroupA
S102,0,animals,ostrich,fakegroupA
S102,0,animals,giraffe,fakegroupA
S102,0,animals,llama,fakegroupA
S102,0,animals,turtle,fakegroupA
S102,0,animals,elephant,fakegroupA
S102,0,animals,monkey,fakegroupA
S102,0,animals,horse,fakegroupA
S102,0,animals,donkey,fakegroupA
S102,0,animals,cheetah,fakegroupA
S102,0,animals,fish,fakegroupA
S102,3,animals,bear,fakegroupA
S102,3,animals,fox,fakegroupA
S102,3,animals,wolf,fakegroupA
S102,3,animals,tiger,fakegroupA
S102,3,animals,lion,fakegroupA
S102,3,animals,elephant,fakegroupA
S102,3,animals,horse,fakegroupA
S102,3,animals,cow,fakegroupA
S102,3,animals,donkey,fakegroupA
S102,3,animals,monkey,fakegroupA
S102,3,animals,cat,fakegroupA
S102,3,animals,dog,fakegroupA
S102,3,animals,llama,fakegroupA
S102,3,animals,giraffe,fakegroupA
S102,3,animals,owl,fakegroupA
S102,3,animals,chicken,fakegroupA
S102,3,animals,turkey,fakegroupA
S102,3,animals,cheetah,fakegroupA
S102,3,animals,leopard,fakegroupA
S102,3,animals,jaguar,fakegroupA
S102,3,animals,mountainlion,fakegroupA
S102,3,animals,bobcat,fakegroupA
S102,6,animals,bear,fakegroupA
S102,6,animals,fox,fakegroupA
S102,6,animals,dog,fakegroupA
S102,6,animals,cat,fakegroupA
S102,6,animals,lion,fakegroupA
S102,6,animals,tiger,fakegroupA
S102,6,animals,elephant,fakegroupA
S102,6,animals,cheetah,fakegroupA
S102,6,animals,leopard,fakegroupA
S102,6,animals,jaguar,fakegroupA
S102,6,animals,bobcat,fakegroupA
S102,6,animals,horse,fakegroupA
S102,6,animals,donkey,fakegroupA
S102,6,animals,llama,fakegroupA
S102,6,animals,giraffe,fakegroupA
S102,6,animals,cat,fakegroupA
S102,6,animals,dog,fakegroupA
S102,6,animals,monkey,fakegroupA
S102,6,animals,turtle,fakegroupA
S102,6,animals,wolf,fakegroupA
S102,6,animals,hyena,fakegroupA
S102,6,animals,coyote,fakegroupA
S102,6,animals,fox,fakegroupA
S102,6,animals,zebra,fakegroupA
S102,6,animals,falcom,fakegroupA
S102,6,animals,owl,fakegroupA
S102,6,animals,turkey,fakegroupA
S102,6,animals,ostrich,fakegroupA
S103,2,animals,dog,fakegroupA
S103,2,animals,sloth,fakegroupA
S103,2,animals,cat,fakegroupA
S103,2,animals,human,fakegroupA
S103,2,animals,cheeta,fakegroupA
S103,2,animals,tiger,fakegroupA
S103,2,animals,gorilla,fakegroupA
S103,2,animals,zebra,fakegroupA
S103,2,animals,lion,fakegroupA
S103,2,animals,turtle,fakegroupA
S103,2,animals,slowloris,fakegroupA
S103,2,animals,rabbit,fakegroupA
S103,2,animals,capybara,fakegroupA
S103,2,animals,alpaca,fakegroupA
S103,2,animals,lama,fakegroupA
S103,2,animals,redpanda,fakegroupA
S103,2,animals,panda,fakegroupA
S103,2,animals,donkey,fakegroupA
S103,2,animals,mule,fakegroupA
S103,2,animals,giraffe,fakegroupA
S103,2,animals,goat,fakegroupA
S103,2,animals,rat,fakegroupA
S103,2,animals,mouse,fakegroupA
S103,2,animals,gerbil,fakegroupA
S103,2,animals,hampster,fakegroupA
S103,2,animals,ferret,fakegroupA
S103,2,animals,weasle,fakegroupA
S103,2,animals,mink,fakegroupA
S103,2,animals,wolf,fakegroupA
S103,2,animals,snake,fakegroupA
S103,2,animals,goldfish,fakegroupA
S103,2,animals,pirrana,fakegroupA
S103,2,animals,mantis,fakegroupA
S103,2,animals,ocelot,fakegroupA
S103,2,animals,octopus,fakegroupA
S103,2,animals,raven,fakegroupA
S103,2,animals,crow,fakegroupA
S103,2,animals,cranefly,fakegroupA
S103,2,animals,crane,fakegroupA
S103,2,animals,eagle,fakegroupA
S103,2,animals,parrot,fakegroupA
S103,2,animals,hawk,fakegroupA
S103,2,animals,tick,fakegroupA
S103,2,animals,snale,fakegroupA
S103,2,animals,penguin,fakegroupA
S103,5,animals,cat,fakegroupA
S103,5,animals,dog,fakegroupA
S103,5,animals,mouse,fakegroupA
S103,5,animals,rat,fakegroupA
S103,5,animals,koala,fakegroupA
S103,5,animals,sloth,fakegroupA
S103,5,animals,slowloris,fakegroupA
S103,5,animals,deer,fakegroupA
S103,5,animals,squirrel,fakegroupA
S103,5,animals,chipmunk,fakegroupA
S103,5,animals,moose,fakegroupA
S103,5,animals,hawk,fakegroupA
S103,5,animals,eagle,fakegroupA
S103,5,animals,bluejay,fakegroupA
S103,5,animals,hampster,fakegroupA
S103,5,animals,gerbal,fakegroupA
S103,5,animals,zebra,fakegroupA
S103,5,animals,garrafe,fakegroupA
S103,5,animals,hippo,fakegroupA
S103,5,animals,lion,fakegroupA
S103,5,animals,redpanda,fakegroupA
S103,5,animals,panda,fakegroupA
S103,5,animals,bat,fakegroupA
S103,5,animals,bee,fakegroupA
S103,5,animals,cheetah,fakegroupA
S103,5,animals,lepard,fakegroupA
S103,5,animals,ocelot,fakegroupA
S103,5,animals,snake,fakegroupA
S103,5,animals,wolf,fakegroupA
S103,5,animals,bear,fakegroupA
S103,5,animals,monkey,fakegroupA
S103,5,animals,orangutan,fakegroupA
S103,5,animals,gorrila,fakegroupA
S103,5,animals,chimpanzee,fakegroupA
S103,5,animals,horse,fakegroupA
S103,5,animals,seacow,fakegroupA
S103,5,animals,kangaroo,fakegroupA
S103,5,animals,yellowjacket,fakegroupA
S103,5,animals,hyena,fakegroupA
S103,5,animals,sugarglider,fakegroupA
S103,5,animals,blackheadedgull,fakegroupA
S103,5,animals,seagull,fakegroupA
S103,5,animals,sealion,fakegroupA
S103,5,animals,seal,fakegroupA
S103,5,animals,mantis,fakegroupA
S103,5,animals,rhino,fakegroupA
S103,5,animals,antelope,fakegroupA
S103,5,animals,pig,fakegroupA
S103,5,animals,boar,fakegroupA
S103,5,animals,human,fakegroupA
S103,5,animals,marmoset,fakegroupA
S103,5,animals,lemur,fakegroupA
S103,7,animals,cat,fakegroupA
S103,7,animals,dog,fakegroupA
S103,7,animals,human,fakegroupA
S103,7,animals,bear,fakegroupA
S103,7,animals,rat,fakegroupA
S103,7,animals,pig,fakegroupA
S103,7,animals,cow,fakegroupA
S103,7,animals,seacow,fakegroupA
S103,7,animals,chicken,fakegroupA
S103,7,animals,panda,fakegroupA
S103,7,animals,redpanda,fakegroupA
S103,7,animals,boar,fakegroupA
S103,7,animals,lemur,fakegroupA
S103,7,animals,gorilla,fakegroupA
S103,7,animals,orangutan,fakegroupA
S103,7,animals,donkey,fakegroupA
S103,7,animals,horse,fakegroupA
S103,7,animals,deer,fakegroupA
S103,7,animals,raptor,fakegroupA
S103,7,animals,dinosaur,fakegroupA
S103,7,animals,marmoset,fakegroupA
S103,7,animals,hampster,fakegroupA
S103,7,animals,alpaca,fakegroupA
S103,7,animals,sheep,fakegroupA
S103,7,animals,goat,fakegroupA
S103,7,animals,llama,fakegroupA
S103,7,animals,woolymamoth,fakegroupA
S103,7,animals,elephant,fakegroupA
S103,7,animals,zebra,fakegroupA
S103,7,animals,goose,fakegroupA
S103,7,animals,hawk,fakegroupA
S103,7,animals,swan,fakegroupA
S103,7,animals,kangaroo,fakegroupA
S103,7,animals,mouse,fakegroupA
S103,7,animals,crane,fakegroupA
S103,7,animals,cranefly,fakegroupA
S103,7,animals,fly,fakegroupA
S103,7,animals,duck,fakegroupA
S103,7,animals,hawk,fakegroupA
S103,7,animals,crow,fakegroupA
S103,7,animals,raven,fakegroupA
S103,7,animals,mink,fakegroupA
S103,7,animals,seal,fakegroupA
S103,7,animals,otter,fakegroupA
S103,7,animals,polarbear,fakegroupA
S103,7,animals,dolphin,fakegroupA
S103,7,animals,penguin,fakegroupA
S103,7,animals,catfish,fakegroupA
S103,7,animals,whale,fakegroupA
S103,7,animals,baloogawhale,fakegroupA
S103,7,animals,sealion,fakegroupA
S103,7,animals,seacow,fakegroupA
S103,7,animals,cow,fakegroupA
S103,7,animals,lion,fakegroupA
S103,7,animals,wolf,fakegroupA
S103,7,animals,cheetah,fakegroupA
S103,7,animals,lepard,fakegroupA
S103,7,animals,ocelot,fakegroupA
S103,7,animals,tiger,fakegroupA
S103,7,animals,piranna,fakegroupA
S103,7,animals,flyingsquirel,fakegroupA
S104,1,animals,dog,fakegroupA
S104,1,animals,cat,fakegroupA
S104,1,animals,horse,fakegroupA
S104,1,animals,elephant,fakegroupA
S104,1,animals,lemur,fakegroupA
S104,1,animals,squirrel,fakegroupA
S104,1,animals,groundhog,fakegroupA
S104,1,animals,horse,fakegroupA
S104,1,animals,raccoon,fakegroupA
S104,1,animals,opossum,fakegroupA
S104,1,animals,baldeagle,fakegroupA
S104,1,animals,woodpecker,fakegroupA
S104,1,animals,bluejay,fakegroupA
S104,1,animals,marmot,fakegroupA
S104,1,animals,killerwhale,fakegroupA
S104,1,animals,greatwhiteshark,fakegroupA
S104,1,animals,dolphin,fakegroupA
S104,1,animals,fox,fakegroupA
S104,1,animals,polarbear,fakegroupA
S104,1,animals,tiger,fakegroupA
S104,1,animals,buffalo,fakegroupA
S104,1,animals,wildebeast,fakegroupA
S104,1,animals,deer,fakegroupA
S104,1,animals,platypus,fakegroupA
S104,1,animals,python,fakegroupA
S104,1,animals,anaconda,fakegroupA
S104,1,animals,parrot,fakegroupA
S104,1,animals,mouse,fakegroupA
S104,1,animals,ferret,fakegroupA
S104,1,animals,rabbit,fakegroupA
S104,1,animals,pig,fakegroupA
S104,1,animals,porcupine,fakegroupA
S104,1,animals,hedgehog,fakegroupA
S104,1,animals,trout,fakegroupA
S104,1,animals,owl,fakegroupA
S104,5,animals,tiger,fakegroupA
S104,5,animals,lion,fakegroupA
S104,5,animals,polarbear,fakegroupA
S104,5,animals,cougar,fakegroupA
S104,5,animals,opossum,fakegroupA
S104,5,animals,raccoon,fakegroupA
S104,5,animals,groundhog,fakegroupA
S104,5,animals,hedgehog,fakegroupA
S104,5,animals,pig,fakegroupA
S104,5,animals,python,fakegroupA
S104,5,animals,koalabear,fakegroupA
S104,5,animals,pandabear,fakegroupA
S104,5,animals,platypus,fakegroupA
S104,5,animals,crocodile,fakegroupA
S104,5,animals,fakegroupAigator,fakegroupA
S104,5,animals,scorpion,fakegroupA
S104,5,animals,deer,fakegroupA
S104,5,animals,parrot,fakegroupA
S104,5,animals,buffalo,fakegroupA
S104,5,animals,baldeagle,fakegroupA
S104,5,animals,otter,fakegroupA
S104,5,animals,lemur,fakegroupA
S104,5,animals,skunk,fakegroupA
S104,5,animals,moose,fakegroupA
S104,5,animals,caribou,fakegroupA
S104,5,animals,elk,fakegroupA
S104,5,animals,wildebeast,fakegroupA
S104,5,animals,elephant,fakegroupA
S104,5,animals,greatwhiteshark,fakegroupA
S104,5,animals,dolphin,fakegroupA
S104,5,animals,trout,fakegroupA
S104,5,animals,lobster,fakegroupA
S104,5,animals,crab,fakegroupA
S104,5,animals,fox,fakegroupA
S104,5,animals,owl,fakegroupA
S104,5,animals,ferret,fakegroupA
S104,5,animals,pig,fakegroupA
S104,5,animals,boar,fakegroupA
S104,8,animals,polarbear,fakegroupA
S104,8,animals,koalabear,fakegroupA
S104,8,animals,pandabear,fakegroupA
S104,8,animals,grizleybear,fakegroupA
S104,8,animals,mongoose,fakegroupA
S104,8,animals,cougar,fakegroupA
S104,8,animals,tiger,fakegroupA
S104,8,animals,lion,fakegroupA
S104,8,animals,opossum,fakegroupA
S104,8,animals,racoon,fakegroupA
S104,8,animals,skunk,fakegroupA
S104,8,animals,python,fakegroupA
S104,8,animals,anaconda,fakegroupA
S104,8,animals,crocodile,fakegroupA
S104,8,animals,fakegroupAigator,fakegroupA
S104,8,animals,platypus,fakegroupA
S104,8,animals,scorpion,fakegroupA
S104,8,animals,lobster,fakegroupA
S104,8,animals,jellyfish,fakegroupA
S104,8,animals,octopus,fakegroupA
S104,8,animals,crab,fakegroupA
S104,8,animals,starfish,fakegroupA
S104,8,animals,porcupine,fakegroupA
S104,8,animals,buffalo,fakegroupA
S104,8,animals,baldeagle,fakegroupA
S104,8,animals,wolverine,fakegroupA
S104,8,animals,badger,fakegroupA
S104,8,animals,lemur,fakegroupA
S104,8,animals,ferret,fakegroupA
S104,8,animals,pig,fakegroupA
S104,8,animals,boar,fakegroupA
S104,8,animals,sheep,fakegroupA
S104,8,animals,deer,fakegroupA
S104,8,animals,wildebeast,fakegroupA
S104,8,animals,elephant,fakegroupA
S104,8,animals,bluewhale,fakegroupA
S104,8,animals,dolphin,fakegroupA
S104,8,animals,penguin,fakegroupA
S104,8,animals,goat,fakegroupA
S105,1,animals,turtle,fakegroupA
S105,1,animals,zebra,fakegroupA
S105,1,animals,giraffe,fakegroupA
S105,1,animals,dog,fakegroupA
S105,1,animals,cat,fakegroupA
S105,1,animals,fish,fakegroupA
S105,1,animals,elephant,fakegroupA
S105,1,animals,lion,fakegroupA
S105,1,animals,ostrich,fakegroupA
S105,1,animals,whale,fakegroupA
S105,1,animals,dolphin,fakegroupA
S105,1,animals,cow,fakegroupA
S105,1,animals,sheep,fakegroupA
S105,1,animals,wolf,fakegroupA
S105,3,animals,zebra,fakegroupA
S105,3,animals,giraffe,fakegroupA
S105,3,animals,elephants,fakegroupA
S105,3,animals,ant,fakegroupA
S105,3,animals,whale,fakegroupA
S105,3,animals,dolphin,fakegroupA
S105,3,animals,dog,fakegroupA
S105,3,animals,cat,fakegroupA
S105,3,animals,fish,fakegroupA
S105,3,animals,ostrich,fakegroupA
S105,3,animals,lion,fakegroupA
S105,3,animals,leopard,fakegroupA
S105,3,animals,donkey,fakegroupA
S105,3,animals,horse,fakegroupA
S105,3,animals,sheep,fakegroupA
S105,3,animals,cow,fakegroupA
S105,3,animals,pig,fakegroupA
S105,3,animals,chicken,fakegroupA
S105,3,animals,octopus,fakegroupA
S105,3,animals,shark,fakegroupA
S105,6,animals,zebra,fakegroupA
S105,6,animals,donkey,fakegroupA
S105,6,animals,lion,fakegroupA
S105,6,animals,giraffe,fakegroupA
S105,6,animals,leopard,fakegroupA
S105,6,animals,elephant,fakegroupA
S105,6,animals,hippopotamus,fakegroupA
S105,6,animals,ostrich,fakegroupA
S105,6,animals,whale,fakegroupA
S105,6,animals,dolphin,fakegroupA
S105,6,animals,shark,fakegroupA
S105,6,animals,fish,fakegroupA
S105,6,animals,dog,fakegroupA
S105,6,animals,cat,fakegroupA
S105,6,animals,gerbil,fakegroupA
S105,6,animals,mouse,fakegroupA
S105,6,animals,rat,fakegroupA
S105,6,animals,snake,fakegroupA
S105,6,animals,cow,fakegroupA
S105,6,animals,chicken,fakegroupA
S105,6,animals,pig,fakegroupA
S105,6,animals,horse,fakegroupA
S105,6,animals,bat,fakegroupA
S105,6,animals,skunk,fakegroupA
S106,1,animals,cat,fakegroupA
S106,1,animals,dog,fakegroupA
S106,1,animals,possum,fakegroupA
S106,1,animals,cow,fakegroupA
S106,1,animals,racoon,fakegroupA
S106,1,animals,squirrel,fakegroupA
S106,1,animals,bat,fakegroupA
S106,1,animals,tiger,fakegroupA
S106,1,animals,lion,fakegroupA
S106,1,animals,horse,fakegroupA
S106,1,animals,elephant,fakegroupA
S106,1,animals,pig,fakegroupA
S106,1,animals,chicken,fakegroupA
S106,1,animals,bufflalo,fakegroupA
S106,1,animals,lemur,fakegroupA
S106,1,animals,coyote,fakegroupA
S106,1,animals,giraffe,fakegroupA
S106,4,animals,cats,fakegroupA
S106,4,animals,dogs,fakegroupA
S106,4,animals,bats,fakegroupA
S106,4,animals,mice,fakegroupA
S106,4,animals,armadillos,fakegroupA
S106,4,animals,skunks,fakegroupA
S106,4,animals,kangaroos,fakegroupA
S106,4,animals,pandas,fakegroupA
S106,4,animals,fakegroupAigators,fakegroupA
S106,4,animals,elephants,fakegroupA
S106,4,animals,lions,fakegroupA
S106,4,animals,tigers,fakegroupA
S106,4,animals,bears,fakegroupA
S106,4,animals,hawks,fakegroupA
S106,4,animals,penguins,fakegroupA
S106,4,animals,pigs,fakegroupA
S106,4,animals,chickens,fakegroupA
S106,4,animals,giraffes,fakegroupA
S106,4,animals,horses,fakegroupA
S106,4,animals,snakes,fakegroupA
S106,6,animals,cats,fakegroupA
S106,6,animals,dogs,fakegroupA
S106,6,animals,lions,fakegroupA
S106,6,animals,tigers,fakegroupA
S106,6,animals,bears,fakegroupA
S106,6,animals,elephants,fakegroupA
S106,6,animals,giraffes,fakegroupA
S106,6,animals,gerbils,fakegroupA
S106,6,animals,mice,fakegroupA
S106,6,animals,eagles,fakegroupA
S106,6,animals,hawks,fakegroupA
S106,6,animals,coyotes,fakegroupA
S106,6,animals,penguins,fakegroupA
S106,6,animals,polarbears,fakegroupA
S106,6,animals,flamingos,fakegroupA
S106,6,animals,ducks,fakegroupA
S106,6,animals,walruses,fakegroupA
S106,6,animals,aligators,fakegroupA
S106,6,animals,rabbits,fakegroupA
S106,6,animals,possums,fakegroupA
S106,6,animals,skunks,fakegroupA
S107,1,animals,bear,fakegroupA
S107,1,animals,cat,fakegroupA
S107,1,animals,dog,fakegroupA
S107,1,animals,fish,fakegroupA
S107,1,animals,buffalo,fakegroupA
S107,1,animals,giraffe,fakegroupA
S107,1,animals,leopard,fakegroupA
S107,1,animals,lion,fakegroupA
S107,1,animals,elephant,fakegroupA
S107,1,animals,cheetah,fakegroupA
S107,1,animals,puma,fakegroupA
S107,1,animals,catamount,fakegroupA
S107,1,animals,hippo,fakegroupA
S107,1,animals,rhinoceros,fakegroupA
S107,1,animals,tiger,fakegroupA
S107,1,animals,whale,fakegroupA
S107,1,animals,narwhal,fakegroupA
S107,1,animals,seal,fakegroupA
S107,1,animals,manatee,fakegroupA
S107,1,animals,fox,fakegroupA
S107,1,animals,wolf,fakegroupA
S107,1,animals,flamingo,fakegroupA
S107,1,animals,stork,fakegroupA
S107,1,animals,turtle,fakegroupA
S107,1,animals,toad,fakegroupA
S107,1,animals,frog,fakegroupA
S107,1,animals,rattlesnake,fakegroupA
S107,1,animals,hyena,fakegroupA
S107,1,animals,jaguar,fakegroupA
S107,1,animals,cougar,fakegroupA
S107,1,animals,chimpanzee,fakegroupA
S107,1,animals,orangutan,fakegroupA
S107,1,animals,deer,fakegroupA
S107,1,animals,horse,fakegroupA
S107,1,animals,cow,fakegroupA
S107,1,animals,chicken,fakegroupA
S107,1,animals,sheep,fakegroupA
S107,1,animals,goat,fakegroupA
S107,1,animals,donkey,fakegroupA
S107,1,animals,panther,fakegroupA
S107,1,animals,boar,fakegroupA
S107,3,animals,beagle,fakegroupA
S107,3,animals,wolfhound,fakegroupA
S107,3,animals,fox,fakegroupA
S107,3,animals,wolf,fakegroupA
S107,3,animals,bobcat,fakegroupA
S107,3,animals,boxturtle,fakegroupA
S107,3,animals,snappingturtle,fakegroupA
S107,3,animals,seaturtle,fakegroupA
S107,3,animals,salmon,fakegroupA
S107,3,animals,tuna,fakegroupA
S107,3,animals,leopard,fakegroupA
S107,3,animals,cheetah,fakegroupA
S107,3,animals,lion,fakegroupA
S107,3,animals,tiger,fakegroupA
S107,3,animals,panther,fakegroupA
S107,3,animals,jaguar,fakegroupA
S107,3,animals,capybara,fakegroupA
S107,3,animals,mouse,fakegroupA
S107,3,animals,rat,fakegroupA
S107,3,animals,kangaroo,fakegroupA
S107,3,animals,panda,fakegroupA
S107,3,animals,koala,fakegroupA
S107,3,animals,orca,fakegroupA
S107,3,animals,humpbackwhale,fakegroupA
S107,3,animals,narwhal,fakegroupA
S107,3,animals,seal,fakegroupA
S107,3,animals,sealion,fakegroupA
S107,3,animals,manatee,fakegroupA
S107,3,animals,cow,fakegroupA
S107,3,animals,chicken,fakegroupA
S107,3,animals,donkey,fakegroupA
S107,3,animals,horse,fakegroupA
S107,3,animals,sheep,fakegroupA
S107,3,animals,bison,fakegroupA
S107,3,animals,greatwhiteshark,fakegroupA
S107,3,animals,skate,fakegroupA
S107,3,animals,rattlesnake,fakegroupA
S107,3,animals,frog,fakegroupA
S107,3,animals,toad,fakegroupA
S107,3,animals,flamingo,fakegroupA
S107,3,animals,robin,fakegroupA
S107,3,animals,sparrow,fakegroupA
S107,3,animals,hawk,fakegroupA
S107,3,animals,eagle,fakegroupA
S107,3,animals,stork,fakegroupA
S107,3,animals,hyena,fakegroupA
S107,3,animals,elephant,fakegroupA
S107,8,animals,bulldog,fakegroupA
S107,8,animals,tiger,fakegroupA
S107,8,animals,lion,fakegroupA
S107,8,animals,leopard,fakegroupA
S107,8,animals,jaguar,fakegroupA
S107,8,animals,cheetah,fakegroupA
S107,8,animals,rhinoceros,fakegroupA
S107,8,animals,hippopotamus,fakegroupA
S107,8,animals,hyena,fakegroupA
S107,8,animals,antelope,fakegroupA
S107,8,animals,oryx,fakegroupA
S107,8,animals,giraffe,fakegroupA
S107,8,animals,capybara,fakegroupA
S107,8,animals,mouse,fakegroupA
S107,8,animals,rat,fakegroupA
S107,8,animals,ferret,fakegroupA
S107,8,animals,panda,fakegroupA
S107,8,animals,koala,fakegroupA
S107,8,animals,orca,fakegroupA
S107,8,animals,manatee,fakegroupA
S107,8,animals,narwhal,fakegroupA
S107,8,animals,bluewhale,fakegroupA
S107,8,animals,greatwhiteshark,fakegroupA
S107,8,animals,hammerheadshark,fakegroupA
S107,8,animals,salmon,fakegroupA
S107,8,animals,tuna,fakegroupA
S107,8,animals,cod,fakegroupA
S107,8,animals,bass,fakegroupA
S107,8,animals,chicken,fakegroupA
S107,8,animals,cow,fakegroupA
S107,8,animals,horse,fakegroupA
S107,8,animals,donkey,fakegroupA
S107,8,animals,sheep,fakegroupA
S107,8,animals,robin,fakegroupA
S107,8,animals,stork,fakegroupA
S107,8,animals,pelican,fakegroupA
S107,8,animals,stingray,fakegroupA
S107,8,animals,jellyfish,fakegroupA
S107,8,animals,octopus,fakegroupA
S107,8,animals,squid,fakegroupA
S107,8,animals,bison,fakegroupA
S107,8,animals,cougar,fakegroupA
S107,8,animals,puma,fakegroupA
S107,8,animals,gorilla,fakegroupA
S107,8,animals,chimpanzee,fakegroupA
S107,8,animals,orangutan,fakegroupA
S107,8,animals,lemur,fakegroupA
S107,8,animals,fox,fakegroupA
S107,8,animals,waterbuffalo,fakegroupA
S107,8,animals,porpoise,fakegroupA
S108,1,animals,cat,fakegroupA
S108,1,animals,dog,fakegroupA
S108,1,animals,chicken,fakegroupA
S108,1,animals,pig,fakegroupA
S108,1,animals,cow,fakegroupA
S108,1,animals,sheep,fakegroupA
S108,1,animals,parrot,fakegroupA
S108,1,animals,hamster,fakegroupA
S108,1,animals,snake,fakegroupA
S108,1,animals,mouse,fakegroupA
S108,1,animals,rat,fakegroupA
S108,1,animals,emu,fakegroupA
S108,1,animals,ostrich,fakegroupA
S108,1,animals,giraffe,fakegroupA
S108,1,animals,elephant,fakegroupA
S108,1,animals,leopard,fakegroupA
S108,1,animals,lion,fakegroupA
S108,1,animals,tiger,fakegroupA
S108,1,animals,otter,fakegroupA
S108,1,animals,chipmunk,fakegroupA
S108,1,animals,gorilla,fakegroupA
S108,1,animals,ape,fakegroupA
S108,1,animals,turtle,fakegroupA
S108,1,animals,crocodile,fakegroupA
S108,1,animals,aligator,fakegroupA
S108,1,animals,bat,fakegroupA
S108,1,animals,whale,fakegroupA
S108,1,animals,doplhin,fakegroupA
S108,1,animals,orka,fakegroupA
S108,1,animals,seal,fakegroupA
S108,1,animals,bear,fakegroupA
S108,1,animals,wolf,fakegroupA
S108,1,animals,donkey,fakegroupA
S108,1,animals,camel,fakegroupA
S108,1,animals,lizzard,fakegroupA
S108,1,animals,duck,fakegroupA
S108,1,animals,goose,fakegroupA
S108,1,animals,octopus,fakegroupA
S108,1,animals,shrimp,fakegroupA
S108,1,animals,fish,fakegroupA
S108,1,animals,rooster,fakegroupA
S108,3,animals,cat,fakegroupA
S108,3,animals,dog,fakegroupA
S108,3,animals,cow,fakegroupA
S108,3,animals,pig,fakegroupA
S108,3,animals,sheep,fakegroupA
S108,3,animals,wolf,fakegroupA
S108,3,animals,donkey,fakegroupA
S108,3,animals,horse,fakegroupA
S108,3,animals,duck,fakegroupA
S108,3,animals,goose,fakegroupA
S108,3,animals,chicken,fakegroupA
S108,3,animals,rooster,fakegroupA
S108,3,animals,rabbit,fakegroupA
S108,3,animals,turtle,fakegroupA
S108,3,animals,snake,fakegroupA
S108,3,animals,lizzard,fakegroupA
S108,3,animals,crocodile,fakegroupA
S108,3,animals,aligator,fakegroupA
S108,3,animals,elephant,fakegroupA
S108,3,animals,giraffe,fakegroupA
S108,3,animals,lion,fakegroupA
S108,3,animals,tiger,fakegroupA
S108,3,animals,bear,fakegroupA
S108,3,animals,leopard,fakegroupA
S108,3,animals,cheetah,fakegroupA
S108,3,animals,gazelle,fakegroupA
S108,3,animals,hipopotamus,fakegroupA
S108,3,animals,mouse,fakegroupA
S108,3,animals,rat,fakegroupA
S108,3,animals,gorilla,fakegroupA
S108,3,animals,ape,fakegroupA
S108,3,animals,owl,fakegroupA
S108,3,animals,chipmunk,fakegroupA
S108,3,animals,otter,fakegroupA
S108,3,animals,beaver,fakegroupA
S108,3,animals,sloth,fakegroupA
S108,3,animals,mamoth,fakegroupA
S108,3,animals,zebra,fakegroupA
S108,6,animals,cat,fakegroupA
S108,6,animals,dog,fakegroupA
S108,6,animals,chicken,fakegroupA
S108,6,animals,pig,fakegroupA
S108,6,animals,sheep,fakegroupA
S108,6,animals,ram,fakegroupA
S108,6,animals,cow,fakegroupA
S108,6,animals,buffalo,fakegroupA
S108,6,animals,horse,fakegroupA
S108,6,animals,donkey,fakegroupA
S108,6,animals,camel,fakegroupA
S108,6,animals,elephant,fakegroupA
S108,6,animals,giraffe,fakegroupA
S108,6,animals,gazelle,fakegroupA
S108,6,animals,lion,fakegroupA
S108,6,animals,tiger,fakegroupA
S108,6,animals,cheetah,fakegroupA
S108,6,animals,leopard,fakegroupA
S108,6,animals,possum,fakegroupA
S108,6,animals,chipmunk,fakegroupA
S108,6,animals,sloth,fakegroupA
S108,6,animals,gorilla,fakegroupA
S108,6,animals,monkey,fakegroupA
S108,6,animals,snake,fakegroupA
S108,6,animals,mouse,fakegroupA
S108,6,animals,rat,fakegroupA
S108,6,animals,turtle,fakegroupA
S108,6,animals,rabbit,fakegroupA
S108,6,animals,chinchilla,fakegroupA
S108,6,animals,crocodile,fakegroupA
S108,6,animals,fakegroupAigator,fakegroupA
S108,6,animals,seal,fakegroupA
S108,6,animals,bear,fakegroupA
S108,6,animals,wolf,fakegroupA
S108,6,animals,coyote,fakegroupA
S108,6,animals,walrus,fakegroupA
S108,6,animals,manatee,fakegroupA
S108,6,animals,dolphin,fakegroupA
S108,6,animals,shark,fakegroupA
S108,6,animals,whale,fakegroupA
S108,6,animals,tuna,fakegroupA
S108,6,animals,salmon,fakegroupA
S108,6,animals,fox,fakegroupA
S108,6,animals,zebra,fakegroupA
S108,6,animals,hippo,fakegroupA
S108,6,animals,parrot,fakegroupA
S108,6,animals,owl,fakegroupA
S109,2,animals,cat,fakegroupA
S109,2,animals,dog,fakegroupA
S109,2,animals,rat,fakegroupA
S109,2,animals,cow,fakegroupA
S109,2,animals,bull,fakegroupA
S109,2,animals,sheep,fakegroupA
S109,2,animals,rabbit,fakegroupA
S109,2,animals,ox,fakegroupA
S109,2,animals,camel,fakegroupA
S109,2,animals,lion,fakegroupA
S109,2,animals,bear,fakegroupA
S109,2,animals,tiger,fakegroupA
S109,2,animals,cheetah,fakegroupA
S109,2,animals,panther,fakegroupA
S109,2,animals,weasel,fakegroupA
S109,2,animals,wolf,fakegroupA
S109,2,animals,giraffe,fakegroupA
S109,2,animals,elephant,fakegroupA
S109,2,animals,penguin,fakegroupA
S109,2,animals,duck,fakegroupA
S109,2,animals,mouse,fakegroupA
S109,2,animals,whale,fakegroupA
S109,2,animals,ostrich,fakegroupA
S109,2,animals,parakeet,fakegroupA
S109,2,animals,pigeon,fakegroupA
S109,2,animals,bat,fakegroupA
S109,5,animals,duck,fakegroupA
S109,5,animals,goose,fakegroupA
S109,5,animals,bear,fakegroupA
S109,5,animals,wolf,fakegroupA
S109,5,animals,lion,fakegroupA
S109,5,animals,dog,fakegroupA
S109,5,animals,cat,fakegroupA
S109,5,animals,parakeet,fakegroupA
S109,5,animals,lion,fakegroupA
S109,5,animals,wolf,fakegroupA
S109,5,animals,cow,fakegroupA
S109,5,animals,lamb,fakegroupA
S109,5,animals,ox,fakegroupA
S109,5,animals,bull,fakegroupA
S109,5,animals,sheep,fakegroupA
S109,5,animals,deer,fakegroupA
S109,5,animals,pigeon,fakegroupA
S109,5,animals,giraffe,fakegroupA
S109,5,animals,camel,fakegroupA
S109,5,animals,moose,fakegroupA
S109,5,animals,rat,fakegroupA
S109,5,animals,rabbit,fakegroupA
S109,5,animals,porcupine,fakegroupA
S109,5,animals,hare,fakegroupA
S109,5,animals,sharks,fakegroupA
S109,5,animals,panda,fakegroupA
S109,5,animals,koala,fakegroupA
S109,5,animals,polarbear,fakegroupA
S109,5,animals,ostrich,fakegroupA
S109,5,animals,chicken,fakegroupA
S109,5,animals,pig,fakegroupA
S109,7,animals,lion,fakegroupA
S109,7,animals,tiger,fakegroupA
S109,7,animals,bear,fakegroupA
S109,7,animals,cow,fakegroupA
S109,7,animals,pig,fakegroupA
S109,7,animals,goat,fakegroupA
S109,7,animals,lamb,fakegroupA
S109,7,animals,sheep,fakegroupA
S109,7,animals,moose,fakegroupA
S109,7,animals,ox,fakegroupA
S109,7,animals,bull,fakegroupA
S109,7,animals,camel,fakegroupA
S109,7,animals,shark,fakegroupA
S109,7,animals,whale,fakegroupA
S109,7,animals,penguin,fakegroupA
S109,7,animals,pigeon,fakegroupA
S109,7,animals,parrot,fakegroupA
S109,7,animals,parakeet,fakegroupA
S109,7,animals,polarbear,fakegroupA
S109,7,animals,weasel,fakegroupA
S109,7,animals,chimpanzee,fakegroupA
S109,7,animals,monkey,fakegroupA
S109,7,animals,gorilla,fakegroupA
S109,7,animals,snake,fakegroupA
S109,7,animals,raccoon,fakegroupA
S109,7,animals,rat,fakegroupA
S109,7,animals,kangaroo,fakegroupA
S110,0,animals,giraffe,fakegroupA
S110,0,animals,dog,fakegroupA
S110,0,animals,cat,fakegroupA
S110,0,animals,mouse,fakegroupA
S110,0,animals,rat,fakegroupA
S110,0,animals,spider,fakegroupA
S110,0,animals,elephant,fakegroupA
S110,0,animals,lion,fakegroupA
S110,0,animals,tiger,fakegroupA
S110,0,animals,bear,fakegroupA
S110,0,animals,hamster,fakegroupA
S110,0,animals,guineapig,fakegroupA
S110,0,animals,iguana,fakegroupA
S110,0,animals,chameleon,fakegroupA
S110,0,animals,sparrow,fakegroupA
S110,0,animals,eagle,fakegroupA
S110,0,animals,vulture,fakegroupA
S110,0,animals,hawk,fakegroupA
S110,0,animals,hippo,fakegroupA
S110,0,animals,rhino,fakegroupA
S110,0,animals,carp,fakegroupA
S110,0,animals,shark,fakegroupA
S110,0,animals,goldfish,fakegroupA
S110,0,animals,pelican,fakegroupA
S110,0,animals,tuna,fakegroupA
S110,0,animals,swordfish,fakegroupA
S110,0,animals,octopus,fakegroupA
S110,0,animals,clownfish,fakegroupA
S110,0,animals,minx,fakegroupA
S110,0,animals,jaguar,fakegroupA
S110,0,animals,leopard,fakegroupA
S110,0,animals,dingo,fakegroupA
S110,0,animals,hyena,fakegroupA
S110,0,animals,buffalo,fakegroupA
S110,0,animals,cow,fakegroupA
S110,0,animals,chicken,fakegroupA
S110,0,animals,pig,fakegroupA
S110,0,animals,llama,fakegroupA
S110,0,animals,alpaca,fakegroupA
S110,0,animals,ostrich,fakegroupA
S110,0,animals,emu,fakegroupA
S110,3,animals,lion,fakegroupA
S110,3,animals,tiger,fakegroupA
S110,3,animals,bear,fakegroupA
S110,3,animals,dog,fakegroupA
S110,3,animals,cat,fakegroupA
S110,3,animals,seal,fakegroupA
S110,3,animals,ape,fakegroupA
S110,3,animals,chicken,fakegroupA
S110,3,animals,gilamonster,fakegroupA
S110,3,animals,impala,fakegroupA
S110,3,animals,cheeta,fakegroupA
S110,3,animals,chipmunk,fakegroupA
S110,3,animals,canary,fakegroupA
S110,3,animals,fakegroupAigator,fakegroupA
S110,3,animals,fox,fakegroupA
S110,3,animals,stfakegroupAion,fakegroupA
S110,3,animals,badger,fakegroupA
S110,3,animals,turtle,fakegroupA
S110,3,animals,porpoise,fakegroupA
S110,3,animals,horse,fakegroupA
S110,3,animals,dungbeetle,fakegroupA
S110,3,animals,lizard,fakegroupA
S110,3,animals,mouse,fakegroupA
S110,3,animals,shrew,fakegroupA
S110,3,animals,gorilla,fakegroupA
S110,3,animals,eagle,fakegroupA
S110,3,animals,owl,fakegroupA
S110,3,animals,fish,fakegroupA
S110,3,animals,mole,fakegroupA
S110,3,animals,chameleon,fakegroupA
S110,3,animals,chinchilla,fakegroupA
S110,3,animals,ram,fakegroupA
S110,3,animals,lynx,fakegroupA
S110,3,animals,elephant,fakegroupA
S110,3,animals,bumblebee,fakegroupA
S110,3,animals,bunny,fakegroupA
S110,3,animals,whale,fakegroupA
S110,6,animals,ferret,fakegroupA
S110,6,animals,frog,fakegroupA
S110,6,animals,porpoise,fakegroupA
S110,6,animals,goat,fakegroupA
S110,6,animals,musk-ox,fakegroupA
S110,6,animals,okapi,fakegroupA
S110,6,animals,muskdeer,fakegroupA
S110,6,animals,newt,fakegroupA
S110,6,animals,polarbear,fakegroupA
S110,6,animals,capybara,fakegroupA
S110,6,animals,salamander,fakegroupA
S110,6,animals,bunny,fakegroupA
S110,6,animals,elk,fakegroupA
S110,6,animals,parrot,fakegroupA
S110,6,animals,thornydevil,fakegroupA
S110,6,animals,marten,fakegroupA
S110,6,animals,mouse,fakegroupA
S110,6,animals,tapir,fakegroupA
S110,6,animals,sheep,fakegroupA
S110,6,animals,buffalo,fakegroupA
S110,6,animals,donkey,fakegroupA
S110,6,animals,cat,fakegroupA
S110,6,animals,monkey,fakegroupA
S110,6,animals,civet,fakegroupA
S110,6,animals,basilisk,fakegroupA
S110,6,animals,leopard,fakegroupA
S110,6,animals,argali,fakegroupA
S110,6,animals,deer,fakegroupA
S110,6,animals,ermine,fakegroupA
S111,2,animals,lion,fakegroupA
S111,2,animals,tiger,fakegroupA
S111,2,animals,bear,fakegroupA
S111,2,animals,cheetah,fakegroupA
S111,2,animals,dog,fakegroupA
S111,2,animals,cat,fakegroupA
S111,2,animals,bird,fakegroupA
S111,2,animals,wolf,fakegroupA
S111,2,animals,crocodile,fakegroupA
S111,2,animals,hyena,fakegroupA
S111,2,animals,deer,fakegroupA
S111,2,animals,buzzard,fakegroupA
S111,2,animals,owl,fakegroupA
S111,2,animals,cow,fakegroupA
S111,2,animals,bunny,fakegroupA
S111,5,animals,dog,fakegroupA
S111,5,animals,cat,fakegroupA
S111,5,animals,deer,fakegroupA
S111,5,animals,bird,fakegroupA
S111,5,animals,owl,fakegroupA
S111,5,animals,cow,fakegroupA
S111,5,animals,wolf,fakegroupA
S111,5,animals,hyena,fakegroupA
S111,5,animals,bird,fakegroupA
S111,5,animals,lion,fakegroupA
S111,5,animals,elephant,fakegroupA
S111,5,animals,tiger,fakegroupA
S111,5,animals,cheetah,fakegroupA
S111,5,animals,rabbit,fakegroupA
S111,5,animals,crocodile,fakegroupA
S111,5,animals,camel,fakegroupA
S111,5,animals,giraffe,fakegroupA
S111,5,animals,horse,fakegroupA
S111,5,animals,rhino,fakegroupA
S111,7,animals,lion,fakegroupA
S111,7,animals,tiger,fakegroupA
S111,7,animals,bear,fakegroupA
S111,7,animals,wolf,fakegroupA
S111,7,animals,hyena,fakegroupA
S111,7,animals,cheetah,fakegroupA
S111,7,animals,horse,fakegroupA
S111,7,animals,camel,fakegroupA
S111,7,animals,rhino,fakegroupA
S111,7,animals,giraffe,fakegroupA
S111,7,animals,dog,fakegroupA
S111,7,animals,cat,fakegroupA
S111,7,animals,bird,fakegroupA
S111,7,animals,owl,fakegroupA
S111,7,animals,kangaroo,fakegroupA
S111,7,animals,crocodile,fakegroupA
S112,2,animals,dog,fakegroupA
S112,2,animals,cat,fakegroupA
S112,2,animals,bird,fakegroupA
S112,2,animals,octopus,fakegroupA
S112,2,animals,squid,fakegroupA
S112,2,animals,squirell,fakegroupA
S112,2,animals,racoon,fakegroupA
S112,2,animals,woodpecker,fakegroupA
S112,2,animals,hummingbird,fakegroupA
S112,2,animals,cow,fakegroupA
S112,2,animals,bull,fakegroupA
S112,2,animals,pig,fakegroupA
S112,2,animals,fish,fakegroupA
S112,2,animals,chicken,fakegroupA
S112,2,animals,wolf,fakegroupA
S112,2,animals,coyote,fakegroupA
S112,2,animals,bear,fakegroupA
S112,2,animals,penguin,fakegroupA
S112,2,animals,seal,fakegroupA
S112,2,animals,shark,fakegroupA
S112,2,animals,whale,fakegroupA
S112,2,animals,crabs,fakegroupA
S112,2,animals,grasshoppers,fakegroupA
S112,2,animals,crickets,fakegroupA
S112,2,animals,snakes,fakegroupA
S112,2,animals,hamster,fakegroupA
S112,2,animals,sloth,fakegroupA
S112,2,animals,kolabear,fakegroupA
S112,2,animals,spider,fakegroupA
S112,2,animals,scorpion,fakegroupA
S112,2,animals,rat,fakegroupA
S112,2,animals,mouse,fakegroupA
S112,2,animals,cockroach,fakegroupA
S112,2,animals,panther,fakegroupA
S112,2,animals,lepoard,fakegroupA
S112,2,animals,hyena,fakegroupA
S112,2,animals,giraffe,fakegroupA
S112,2,animals,tiger,fakegroupA
S112,2,animals,lion,fakegroupA
S112,4,animals,dog,fakegroupA
S112,4,animals,cat,fakegroupA
S112,4,animals,bird,fakegroupA
S112,4,animals,squid,fakegroupA
S112,4,animals,lion,fakegroupA
S112,4,animals,tiger,fakegroupA
S112,4,animals,octopuss,fakegroupA
S112,4,animals,fish,fakegroupA
S112,4,animals,chicken,fakegroupA
S112,4,animals,bull,fakegroupA
S112,4,animals,cow,fakegroupA
S112,4,animals,pig,fakegroupA
S112,4,animals,snake,fakegroupA
S112,4,animals,mouse,fakegroupA
S112,4,animals,rat,fakegroupA
S112,4,animals,bear,fakegroupA
S112,4,animals,panther,fakegroupA
S112,4,animals,lepoard,fakegroupA
S112,4,animals,zebra,fakegroupA
S112,4,animals,hippo,fakegroupA
S112,4,animals,fakegroupAigator,fakegroupA
S112,4,animals,crocodile,fakegroupA
S112,4,animals,giraffe,fakegroupA
S112,4,animals,monkey,fakegroupA
S112,4,animals,gorilla,fakegroupA
S112,4,animals,penguin,fakegroupA
S112,4,animals,panda,fakegroupA
S112,4,animals,cricket,fakegroupA
S112,4,animals,grasshopper,fakegroupA
S112,4,animals,beetle,fakegroupA
S112,4,animals,crab,fakegroupA
S112,4,animals,gopher,fakegroupA
S112,4,animals,mole,fakegroupA
S112,4,animals,prairiedog,fakegroupA
S112,7,animals,cat,fakegroupA
S112,7,animals,dog,fakegroupA
S112,7,animals,bird,fakegroupA
S112,7,animals,octopuss,fakegroupA
S112,7,animals,squid,fakegroupA
S112,7,animals,cracb,fakegroupA
S112,7,animals,lobster,fakegroupA
S112,7,animals,starfish,fakegroupA
S112,7,animals,whale,fakegroupA
S112,7,animals,shark,fakegroupA
S112,7,animals,pig,fakegroupA
S112,7,animals,cow,fakegroupA
S112,7,animals,bull,fakegroupA
S112,7,animals,chicken,fakegroupA
S112,7,animals,wolf,fakegroupA
S112,7,animals,fox,fakegroupA
S112,7,animals,bear,fakegroupA
S112,7,animals,squirell,fakegroupA
S112,7,animals,racoon,fakegroupA
S112,7,animals,lepoard,fakegroupA
S112,7,animals,lion,fakegroupA
S112,7,animals,tiger,fakegroupA
S112,7,animals,cricket,fakegroupA
S112,7,animals,grasshopper,fakegroupA
S112,7,animals,beetle,fakegroupA
S112,7,animals,gopher,fakegroupA
S112,7,animals,mole,fakegroupA
S112,7,animals,prairiedogs,fakegroupA
S112,7,animals,snake,fakegroupA
S112,7,animals,mouse,fakegroupA
S112,7,animals,rat,fakegroupA
S112,7,animals,hamster,fakegroupA
S112,7,animals,kolabear,fakegroupA
S112,7,animals,sloth,fakegroupA
S112,7,animals,monkey,fakegroupA
S112,7,animals,gorilla,fakegroupA
S112,7,animals,penguin,fakegroupA
S112,7,animals,seal,fakegroupA
S112,7,animals,coyote,fakegroupA
S112,7,animals,scorpion,fakegroupA
S112,7,animals,bee,fakegroupA
S112,7,animals,hornet,fakegroupA
S112,7,animals,wasp,fakegroupA
S113,1,animals,cat,fakegroupA
S113,1,animals,dog,fakegroupA
S113,1,animals,horse,fakegroupA
S113,1,animals,sheep,fakegroupA
S113,1,animals,pig,fakegroupA
S113,1,animals,cow,fakegroupA
S113,1,animals,ferret,fakegroupA
S113,1,animals,mink,fakegroupA
S113,1,animals,ermine,fakegroupA
S113,1,animals,otter,fakegroupA
S113,1,animals,weasel,fakegroupA
S113,1,animals,zebra,fakegroupA
S113,1,animals,giraffe,fakegroupA
S113,1,animals,lion,fakegroupA
S113,1,animals,cheetah,fakegroupA
S113,1,animals,panther,fakegroupA
S113,1,animals,rhino,fakegroupA
S113,1,animals,elephant,fakegroupA
S113,1,animals,antelope,fakegroupA
S113,1,animals,gazelle,fakegroupA
S113,1,animals,puma,fakegroupA
S113,1,animals,caribou,fakegroupA
S113,1,animals,moose,fakegroupA
S113,1,animals,deer,fakegroupA
S113,1,animals,raccoon,fakegroupA
S113,1,animals,possum,fakegroupA
S113,1,animals,mouse,fakegroupA
S113,1,animals,rat,fakegroupA
S113,1,animals,pony,fakegroupA
S113,1,animals,badger,fakegroupA
S113,1,animals,donkey,fakegroupA
S113,1,animals,camel,fakegroupA
S113,1,animals,dingo,fakegroupA
S113,1,animals,kangaroo,fakegroupA
S113,1,animals,wfakegroupAaby,fakegroupA
S113,1,animals,platypus,fakegroupA
S113,1,animals,koala,fakegroupA
S113,1,animals,tiger,fakegroupA
S113,1,animals,bear,fakegroupA
S113,1,animals,seal,fakegroupA
S113,1,animals,walrus,fakegroupA
S113,1,animals,panda,fakegroupA
S113,1,animals,hamster,fakegroupA
S113,1,animals,gerbil,fakegroupA
S113,1,animals,guineapig,fakegroupA
S113,3,animals,cat,fakegroupA
S113,3,animals,dog,fakegroupA
S113,3,animals,cow,fakegroupA
S113,3,animals,horse,fakegroupA
S113,3,animals,pig,fakegroupA
S113,3,animals,lion,fakegroupA
S113,3,animals,bear,fakegroupA
S113,3,animals,tiger,fakegroupA
S113,3,animals,cheetah,fakegroupA
S113,3,animals,antelope,fakegroupA
S113,3,animals,gazelle,fakegroupA
S113,3,animals,panda,fakegroupA
S113,3,animals,otter,fakegroupA
S113,3,animals,possum,fakegroupA
S113,3,animals,koala,fakegroupA
S113,3,animals,wfakegroupAaby,fakegroupA
S113,3,animals,kangaroo,fakegroupA
S113,3,animals,dingo,fakegroupA
S113,3,animals,platypus,fakegroupA
S113,3,animals,sheep,fakegroupA
S113,3,animals,goat,fakegroupA
S113,3,animals,pig,fakegroupA
S113,3,animals,gerbil,fakegroupA
S113,3,animals,hamster,fakegroupA
S113,3,animals,guineapig,fakegroupA
S113,3,animals,mouse,fakegroupA
S113,3,animals,rat,fakegroupA
S113,3,animals,elephant,fakegroupA
S113,3,animals,rhino,fakegroupA
S113,3,animals,leopard,fakegroupA
S113,3,animals,panther,fakegroupA
S113,3,animals,walrus,fakegroupA
S113,3,animals,seal,fakegroupA
S113,3,animals,otter,fakegroupA
S113,6,animals,cat,fakegroupA
S113,6,animals,dog,fakegroupA
S113,6,animals,horse,fakegroupA
S113,6,animals,cow,fakegroupA
S113,6,animals,sheep,fakegroupA
S113,6,animals,cow,fakegroupA
S113,6,animals,donkey,fakegroupA
S113,6,animals,sheep,fakegroupA
S113,6,animals,goat,fakegroupA
S113,6,animals,pig,fakegroupA
S113,6,animals,otter,fakegroupA
S113,6,animals,ermine,fakegroupA
S113,6,animals,weasel,fakegroupA
S113,6,animals,mink,fakegroupA
S113,6,animals,lynx,fakegroupA
S113,6,animals,cheetah,fakegroupA
S113,6,animals,lion,fakegroupA
S113,6,animals,panther,fakegroupA
S113,6,animals,tiger,fakegroupA
S113,6,animals,cheetah,fakegroupA
S113,6,animals,leopard,fakegroupA
S113,6,animals,possum,fakegroupA
S113,6,animals,raccoon,fakegroupA
S113,6,animals,bear,fakegroupA
S113,6,animals,panda,fakegroupA
S113,6,animals,koala,fakegroupA
S113,6,animals,wfakegroupAaby,fakegroupA
S113,6,animals,dingo,fakegroupA
S113,6,animals,platypus,fakegroupA
S113,6,animals,koala,fakegroupA
S113,6,animals,kangaroo,fakegroupA
S113,6,animals,gerbil,fakegroupA
S113,6,animals,hamster,fakegroupA
S113,6,animals,rabbit,fakegroupA
S113,6,animals,mouse,fakegroupA
S113,6,animals,rat,fakegroupA
S113,6,animals,wolf,fakegroupA
S113,6,animals,beaver,fakegroupA
S113,6,animals,antelope,fakegroupA
S113,6,animals,gazelle,fakegroupA
S114,0,animals,cat,fakegroupA
S114,0,animals,dog,fakegroupA
S114,0,animals,rabbit,fakegroupA
S114,0,animals,fish,fakegroupA
S114,0,animals,hamster,fakegroupA
S114,0,animals,gerbil,fakegroupA
S114,0,animals,zebra,fakegroupA
S114,0,animals,giraffe,fakegroupA
S114,0,animals,elephant,fakegroupA
S114,0,animals,tiger,fakegroupA
S114,0,animals,lion,fakegroupA
S114,0,animals,bear,fakegroupA
S114,0,animals,bird,fakegroupA
S114,0,animals,mouse,fakegroupA
S114,0,animals,rat,fakegroupA
S114,0,animals,penguin,fakegroupA
S114,0,animals,polarbear,fakegroupA
S114,0,animals,seal,fakegroupA
S114,0,animals,armadillo,fakegroupA
S114,0,animals,fox,fakegroupA
S114,0,animals,deer,fakegroupA
S114,0,animals,cheetah,fakegroupA
S114,0,animals,panda,fakegroupA
S114,0,animals,leopard,fakegroupA
S114,0,animals,horse,fakegroupA
S114,0,animals,donkey,fakegroupA
S114,0,animals,camel,fakegroupA
S114,0,animals,yak,fakegroupA
S114,0,animals,snake,fakegroupA
S114,0,animals,hyena,fakegroupA
S114,0,animals,antelope,fakegroupA
S114,0,animals,wolf,fakegroupA
S114,0,animals,dingo,fakegroupA
S114,0,animals,tiger,fakegroupA
S114,0,animals,rhinoceros,fakegroupA
S114,0,animals,flamingo,fakegroupA
S114,0,animals,pelican,fakegroupA
S114,0,animals,swan,fakegroupA
S114,0,animals,duck,fakegroupA
S114,3,animals,dog,fakegroupA
S114,3,animals,cat,fakegroupA
S114,3,animals,hampster,fakegroupA
S114,3,animals,guineapig,fakegroupA
S114,3,animals,mouse,fakegroupA
S114,3,animals,rat,fakegroupA
S114,3,animals,gorilla,fakegroupA
S114,3,animals,chimpanzee,fakegroupA
S114,3,animals,orangutan,fakegroupA
S114,3,animals,snake,fakegroupA
S114,3,animals,cobra,fakegroupA
S114,3,animals,flamingo,fakegroupA
S114,3,animals,ostrich,fakegroupA
S114,3,animals,bluebird,fakegroupA
S114,3,animals,robin,fakegroupA
S114,3,animals,zebra,fakegroupA
S114,3,animals,elephant,fakegroupA
S114,3,animals,dingo,fakegroupA
S114,3,animals,panda,fakegroupA
S114,3,animals,polarbear,fakegroupA
S114,3,animals,blackbear,fakegroupA
S114,3,animals,brownbear,fakegroupA
S114,3,animals,armadillo,fakegroupA
S114,3,animals,anteater,fakegroupA
S114,3,animals,eagle,fakegroupA
S114,3,animals,hawk,fakegroupA
S114,3,animals,fox,fakegroupA
S114,3,animals,deer,fakegroupA
S114,3,animals,giraffe,fakegroupA
S114,3,animals,tortoise,fakegroupA
S114,3,animals,turtle,fakegroupA
S114,3,animals,ferret,fakegroupA
S114,3,animals,koalabear,fakegroupA
S114,3,animals,kangaroo,fakegroupA
S114,3,animals,tiger,fakegroupA
S114,3,animals,lion,fakegroupA
S114,3,animals,cheetah,fakegroupA
S114,6,animals,dog,fakegroupA
S114,6,animals,cat,fakegroupA
S114,6,animals,guineapig,fakegroupA
S114,6,animals,rat,fakegroupA
S114,6,animals,mouse,fakegroupA
S114,6,animals,hamster,fakegroupA
S114,6,animals,gerbil,fakegroupA
S114,6,animals,chimpanzee,fakegroupA
S114,6,animals,gorilla,fakegroupA
S114,6,animals,monkey,fakegroupA
S114,6,animals,spidermonkey,fakegroupA
S114,6,animals,snake,fakegroupA
S114,6,animals,cobra,fakegroupA
S114,6,animals,leopard,fakegroupA
S114,6,animals,cheetah,fakegroupA
S114,6,animals,lion,fakegroupA
S114,6,animals,tiger,fakegroupA
S114,6,animals,bear,fakegroupA
S114,6,animals,blackbear,fakegroupA
S114,6,animals,brownbear,fakegroupA
S114,6,animals,armadillo,fakegroupA
S114,6,animals,anteater,fakegroupA
S114,6,animals,owl,fakegroupA
S114,6,animals,flamingo,fakegroupA
S114,6,animals,ostrich,fakegroupA
S114,6,animals,robin,fakegroupA
S114,6,animals,bluebird,fakegroupA
S114,6,animals,turtle,fakegroupA
S114,6,animals,tortoise,fakegroupA
S114,6,animals,lemur,fakegroupA
S114,6,animals,owl,fakegroupA
S114,6,animals,panda,fakegroupA
S114,6,animals,polarbear,fakegroupA
S114,6,animals,zebra,fakegroupA
S114,6,animals,elephant,fakegroupA
S114,6,animals,polarbear,fakegroupA
S114,6,animals,penguin,fakegroupA
S114,6,animals,fakegroupAigator,fakegroupA
S114,6,animals,crocodile,fakegroupA
S114,6,animals,ferret,fakegroupA
S114,6,animals,gerbil,fakegroupA
S114,6,animals,deer,fakegroupA
S114,6,animals,fox,fakegroupA
S115,2,animals,cat,fakegroupA
S115,2,animals,dog,fakegroupA
S115,2,animals,raccoon,fakegroupA
S115,2,animals,ferret,fakegroupA
S115,2,animals,mouse,fakegroupA
S115,2,animals,rat,fakegroupA
S115,2,animals,whale,fakegroupA
S115,2,animals,fish,fakegroupA
S115,2,animals,shark,fakegroupA
S115,2,animals,spider,fakegroupA
S115,2,animals,scorpion,fakegroupA
S115,2,animals,panda,fakegroupA
S115,2,animals,polarbear,fakegroupA
S115,2,animals,grizzlybear,fakegroupA
S115,2,animals,crocodile,fakegroupA
S115,2,animals,bee,fakegroupA
S115,2,animals,moth,fakegroupA
S115,2,animals,fakegroupAigator,fakegroupA
S115,2,animals,chameleon,fakegroupA
S115,2,animals,hedgehog,fakegroupA
S115,2,animals,echidna,fakegroupA
S115,2,animals,fox,fakegroupA
S115,2,animals,mongoose,fakegroupA
S115,2,animals,bat,fakegroupA
S115,5,animals,kangaroo,fakegroupA
S115,5,animals,rabbit,fakegroupA
S115,5,animals,hedgehog,fakegroupA
S115,5,animals,echidna,fakegroupA
S115,5,animals,fox,fakegroupA
S115,5,animals,chameleon,fakegroupA
S115,5,animals,crocodile,fakegroupA
S115,5,animals,fakegroupAigator,fakegroupA
S115,5,animals,bee,fakegroupA
S115,5,animals,bat,fakegroupA
S115,5,animals,mongoose,fakegroupA
S115,5,animals,rat,fakegroupA
S115,5,animals,mouse,fakegroupA
S115,5,animals,kaola,fakegroupA
S115,5,animals,polarbear,fakegroupA
S115,5,animals,grizzlybear,fakegroupA
S115,5,animals,beetle,fakegroupA
S115,5,animals,spider,fakegroupA
S115,5,animals,scorpion,fakegroupA
S115,5,animals,cat,fakegroupA
S115,5,animals,dog,fakegroupA
S115,5,animals,turtle,fakegroupA
S115,5,animals,lizard,fakegroupA
S115,5,animals,snake,fakegroupA
S115,5,animals,wolf,fakegroupA
S115,5,animals,ocelot,fakegroupA
S115,9,animals,hedgehog,fakegroupA
S115,9,animals,echidna,fakegroupA
S115,9,animals,koala,fakegroupA
S115,9,animals,kangaroo,fakegroupA
S115,9,animals,fox,fakegroupA
S115,9,animals,bat,fakegroupA
S115,9,animals,lion,fakegroupA
S115,9,animals,tiger,fakegroupA
S115,9,animals,cheetah,fakegroupA
S115,9,animals,bear,fakegroupA
S115,9,animals,panda,fakegroupA
S115,9,animals,fox,fakegroupA
S115,9,animals,dog,fakegroupA
S115,9,animals,cat,fakegroupA
S115,9,animals,echidna,fakegroupA
S115,9,animals,whale,fakegroupA
S115,9,animals,shark,fakegroupA
S115,9,animals,fish,fakegroupA
S115,9,animals,raccoon,fakegroupA
S116,1,animals,bear,fakegroupA
S116,1,animals,cat,fakegroupA
S116,1,animals,dog,fakegroupA
S116,1,animals,horse,fakegroupA
S116,1,animals,sheep,fakegroupA
S116,1,animals,llama,fakegroupA
S116,1,animals,pig,fakegroupA
S116,1,animals,bison,fakegroupA
S116,1,animals,squirrel,fakegroupA
S116,1,animals,chipmunk,fakegroupA
S116,1,animals,rat,fakegroupA
S116,1,animals,mouse,fakegroupA
S116,1,animals,slowloris,fakegroupA
S116,1,animals,chimpanzee,fakegroupA
S116,1,animals,ape,fakegroupA
S116,1,animals,monkey,fakegroupA
S116,1,animals,panda,fakegroupA
S116,1,animals,deer,fakegroupA
S116,1,animals,turkey,fakegroupA
S116,1,animals,chicken,fakegroupA
S116,1,animals,bird,fakegroupA
S116,1,animals,eagle,fakegroupA
S116,1,animals,hawk,fakegroupA
S116,1,animals,walrus,fakegroupA
S116,1,animals,dolphin,fakegroupA
S116,1,animals,whale,fakegroupA
S116,1,animals,human,fakegroupA
S116,1,animals,lion,fakegroupA
S116,1,animals,cheetah,fakegroupA
S116,1,animals,elephant,fakegroupA
S116,1,animals,giraffe,fakegroupA
S116,1,animals,rhinocerous,fakegroupA
S116,5,animals,mouse,fakegroupA
S116,5,animals,rat,fakegroupA
S116,5,animals,squirrel,fakegroupA
S116,5,animals,bird,fakegroupA
S116,5,animals,eagle,fakegroupA
S116,5,animals,hawk,fakegroupA
S116,5,animals,meerkat,fakegroupA
S116,5,animals,slowloris,fakegroupA
S116,5,animals,panda,fakegroupA
S116,5,animals,deer,fakegroupA
S116,5,animals,turkey,fakegroupA
S116,5,animals,chicken,fakegroupA
S116,5,animals,pig,fakegroupA
S116,5,animals,bison,fakegroupA
S116,5,animals,cow,fakegroupA
S116,5,animals,horse,fakegroupA
S116,5,animals,zebra,fakegroupA
S116,5,animals,cheetah,fakegroupA
S116,5,animals,lion,fakegroupA
S116,5,animals,dolphin,fakegroupA
S116,5,animals,whale,fakegroupA
S116,5,animals,kangaroo,fakegroupA
S116,5,animals,llama,fakegroupA
S116,5,animals,alpaca,fakegroupA
S116,5,animals,elephant,fakegroupA
S116,5,animals,giraffe,fakegroupA
S116,5,animals,polarbear,fakegroupA
S116,5,animals,panther,fakegroupA
S116,5,animals,monkey,fakegroupA
S116,5,animals,chimpanzee,fakegroupA
S116,5,animals,ape,fakegroupA
S116,5,animals,human,fakegroupA
S116,5,animals,boar,fakegroupA
S116,5,animals,tasmaniandevil,fakegroupA
S116,5,animals,hyena,fakegroupA
S116,8,animals,bear,fakegroupA
S116,8,animals,llama,fakegroupA
S116,8,animals,alpaca,fakegroupA
S116,8,animals,polarbear,fakegroupA
S116,8,animals,dolphin,fakegroupA
S116,8,animals,whale,fakegroupA
S116,8,animals,mouse,fakegroupA
S116,8,animals,rat,fakegroupA
S116,8,animals,squirrel,fakegroupA
S116,8,animals,hedgehog,fakegroupA
S116,8,animals,meerkat,fakegroupA
S116,8,animals,slowloris,fakegroupA
S116,8,animals,elephant,fakegroupA
S116,8,animals,gerbil,fakegroupA
S116,8,animals,rabbit,fakegroupA
S116,8,animals,seal,fakegroupA
S116,8,animals,cheetah,fakegroupA
S116,8,animals,lion,fakegroupA
S116,8,animals,panther,fakegroupA
S116,8,animals,cat,fakegroupA
S116,8,animals,dog,fakegroupA
S116,8,animals,giraffe,fakegroupA
S116,8,animals,panda,fakegroupA
S116,8,animals,rhinocerous,fakegroupA
S116,8,animals,hippopotamus,fakegroupA
S116,8,animals,boar,fakegroupA
S116,8,animals,tasmaniandevil,fakegroupA
S116,8,animals,kangaroo,fakegroupA
S116,8,animals,hyena,fakegroupA
S116,8,animals,monkey,fakegroupA
S116,8,animals,ape,fakegroupA
S116,8,animals,chimpanzee,fakegroupA
S116,8,animals,human,fakegroupA
S116,8,animals,bird,fakegroupA
S116,8,animals,hawk,fakegroupA
S116,8,animals,eagle,fakegroupA
S116,8,animals,bat,fakegroupA
S116,8,animals,horse,fakegroupA
S116,8,animals,pig,fakegroupA
S116,8,animals,cow,fakegroupA
S116,8,animals,groundhog,fakegroupA
S117,0,animals,python,fakegroupA
S117,0,animals,cat,fakegroupA
S117,0,animals,dog,fakegroupA
S117,0,animals,mouse,fakegroupA
S117,0,animals,rat,fakegroupA
S117,0,animals,iguana,fakegroupA
S117,0,animals,gecko,fakegroupA
S117,0,animals,frog,fakegroupA
S117,0,animals,rat,fakegroupA
S117,0,animals,penguin,fakegroupA
S117,0,animals,zebra,fakegroupA
S117,0,animals,elephant,fakegroupA
S117,0,animals,lion,fakegroupA
S117,0,animals,tiger,fakegroupA
S117,0,animals,bear,fakegroupA
S117,0,animals,polarbear,fakegroupA
S117,0,animals,anteater,fakegroupA
S117,0,animals,ant,fakegroupA
S117,0,animals,beetle,fakegroupA
S117,0,animals,fly,fakegroupA
S117,0,animals,spider,fakegroupA
S117,0,animals,monkey,fakegroupA
S117,0,animals,gorilla,fakegroupA
S117,0,animals,dove,fakegroupA
S117,0,animals,swfakegroupAow,fakegroupA
S117,0,animals,sparrow,fakegroupA
S117,0,animals,bluejacket,fakegroupA
S117,0,animals,mockingbird,fakegroupA
S117,0,animals,hawk,fakegroupA
S117,0,animals,falcon,fakegroupA
S117,0,animals,baldeagle,fakegroupA
S117,0,animals,goldeneagle,fakegroupA
S117,0,animals,whale,fakegroupA
S117,0,animals,dolphin,fakegroupA
S117,0,animals,trout,fakegroupA
S117,0,animals,tuna,fakegroupA
S117,0,animals,salmon,fakegroupA
S117,0,animals,pig,fakegroupA
S117,0,animals,cow,fakegroupA
S117,0,animals,horse,fakegroupA
S117,0,animals,donkey,fakegroupA
S117,3,animals,cow,fakegroupA
S117,3,animals,dog,fakegroupA
S117,3,animals,cat,fakegroupA
S117,3,animals,mouse,fakegroupA
S117,3,animals,rat,fakegroupA
S117,3,animals,swfakegroupAow,fakegroupA
S117,3,animals,eagle,fakegroupA
S117,3,animals,falcon,fakegroupA
S117,3,animals,hawk,fakegroupA
S117,3,animals,tarantula,fakegroupA
S117,3,animals,blackwidow,fakegroupA
S117,3,animals,monkey,fakegroupA
S117,3,animals,gorilla,fakegroupA
S117,3,animals,zebra,fakegroupA
S117,3,animals,giraffe,fakegroupA
S117,3,animals,elephant,fakegroupA
S117,3,animals,lion,fakegroupA
S117,3,animals,tiger,fakegroupA
S117,3,animals,blackbear,fakegroupA
S117,3,animals,polarbear,fakegroupA
S117,3,animals,grizzlybear,fakegroupA
S117,3,animals,deer,fakegroupA
S117,3,animals,moose,fakegroupA
S117,3,animals,elk,fakegroupA
S117,3,animals,gazelle,fakegroupA
S117,3,animals,armadillo,fakegroupA
S117,3,animals,hyena,fakegroupA
S117,3,animals,wolf,fakegroupA
S117,3,animals,cougar,fakegroupA
S117,3,animals,cheetah,fakegroupA
S117,3,animals,whale,fakegroupA
S117,3,animals,shark,fakegroupA
S117,3,animals,tuna,fakegroupA
S117,3,animals,trout,fakegroupA
S117,3,animals,anteater,fakegroupA
S117,3,animals,ant,fakegroupA
S117,3,animals,beetle,fakegroupA
S117,3,animals,weesle,fakegroupA
S117,3,animals,ferret,fakegroupA
S117,3,animals,gerbil,fakegroupA
S117,3,animals,hamster,fakegroupA
S117,3,animals,bluejay,fakegroupA
S117,3,animals,robin,fakegroupA
S117,3,animals,dolphin,fakegroupA
S117,3,animals,lemur,fakegroupA
S117,3,animals,flamingo,fakegroupA
S117,7,animals,cat,fakegroupA
S117,7,animals,dog,fakegroupA
S117,7,animals,wolf,fakegroupA
S117,7,animals,zebra,fakegroupA
S117,7,animals,lion,fakegroupA
S117,7,animals,giraffe,fakegroupA
S117,7,animals,cheetah,fakegroupA
S117,7,animals,tiger,fakegroupA
S117,7,animals,hawk,fakegroupA
S117,7,animals,eagle,fakegroupA
S117,7,animals,iguana,fakegroupA
S117,7,animals,gecko,fakegroupA
S117,7,animals,spider,fakegroupA
S117,7,animals,beetle,fakegroupA
S117,7,animals,ant,fakegroupA
S117,7,animals,prayingmantis,fakegroupA
S117,7,animals,ocelot,fakegroupA
S117,7,animals,cougar,fakegroupA
S117,7,animals,cheetah,fakegroupA
S117,7,animals,elephant,fakegroupA
S117,7,animals,giraffe,fakegroupA
S117,7,animals,swfakegroupAow,fakegroupA
S117,7,animals,bluejay,fakegroupA
S117,7,animals,robin,fakegroupA
S117,7,animals,weesle,fakegroupA
S117,7,animals,mouse,fakegroupA
S117,7,animals,rat,fakegroupA
S117,7,animals,gerbil,fakegroupA
S117,7,animals,hamster,fakegroupA
S117,7,animals,ferret,fakegroupA
S117,7,animals,polarbear,fakegroupA
S117,7,animals,blackbear,fakegroupA
S117,7,animals,brownbear,fakegroupA
S117,7,animals,grizzlybear,fakegroupA
S117,7,animals,moose,fakegroupA
S117,7,animals,derr,fakegroupA
S117,7,animals,elk,fakegroupA
S117,7,animals,gazelle,fakegroupA
S117,7,animals,buffalo,fakegroupA
S117,7,animals,horse,fakegroupA
S117,7,animals,pig,fakegroupA
S117,7,animals,hyena,fakegroupA
S117,7,animals,dolphin,fakegroupA
S117,7,animals,whale,fakegroupA
S117,7,animals,shark,fakegroupA
S117,7,animals,grouper,fakegroupA
S117,7,animals,salmon,fakegroupA
S117,7,animals,trout,fakegroupA
S117,7,animals,cod,fakegroupA
S117,7,animals,salamander,fakegroupA
S117,7,animals,anteater,fakegroupA
S117,7,animals,falcon,fakegroupA
S118,3,animals,lion,fakegroupA
S118,3,animals,elephant,fakegroupA
S118,3,animals,dog,fakegroupA
S118,3,animals,cat,fakegroupA
S118,3,animals,ostrich,fakegroupA
S118,3,animals,penguin,fakegroupA
S118,3,animals,polarbear,fakegroupA
S118,3,animals,tiger,fakegroupA
S118,3,animals,fakegroupAigator,fakegroupA
S118,3,animals,crocodile,fakegroupA
S118,3,animals,shark,fakegroupA
S118,3,animals,rhino,fakegroupA
S118,3,animals,panther,fakegroupA
S118,3,animals,worm,fakegroupA
S118,3,animals,spider,fakegroupA
S118,3,animals,bee,fakegroupA
S118,3,animals,wasp,fakegroupA
S118,3,animals,ant,fakegroupA
S118,3,animals,beetle,fakegroupA
S118,3,animals,sugarglider,fakegroupA
S118,3,animals,monkey,fakegroupA
S118,3,animals,gopher,fakegroupA
S118,3,animals,squirrel,fakegroupA
S118,3,animals,chipmunk,fakegroupA
S118,3,animals,pig,fakegroupA
S118,3,animals,cow,fakegroupA
S118,3,animals,horse,fakegroupA
S118,3,animals,duck,fakegroupA
S118,3,animals,chicken,fakegroupA
S118,6,animals,cat,fakegroupA
S118,6,animals,dog,fakegroupA
S118,6,animals,horse,fakegroupA
S118,6,animals,cow,fakegroupA
S118,6,animals,donkey,fakegroupA
S118,6,animals,gopher,fakegroupA
S118,6,animals,spider,fakegroupA
S118,6,animals,ant,fakegroupA
S118,6,animals,elephant,fakegroupA
S118,6,animals,ostrich,fakegroupA
S118,6,animals,penguin,fakegroupA
S118,6,animals,polarbear,fakegroupA
S118,6,animals,brownbear,fakegroupA
S118,6,animals,grizzlybear,fakegroupA
S118,6,animals,butterfly,fakegroupA
S118,6,animals,beetle,fakegroupA
S118,6,animals,fly,fakegroupA
S118,6,animals,moth,fakegroupA
S118,6,animals,robin,fakegroupA
S118,6,animals,bluebird,fakegroupA
S118,6,animals,crow,fakegroupA
S118,6,animals,tiger,fakegroupA
S118,6,animals,lion,fakegroupA
S118,6,animals,squirrel,fakegroupA
S118,6,animals,pig,fakegroupA
S118,6,animals,chipmunk,fakegroupA
S118,6,animals,worm,fakegroupA
S118,6,animals,fish,fakegroupA
S118,6,animals,shark,fakegroupA
S118,6,animals,dolphin,fakegroupA
S118,6,animals,monkey,fakegroupA
S118,6,animals,gorilla,fakegroupA
S118,6,animals,turtle,fakegroupA
S118,8,animals,dog,fakegroupA
S118,8,animals,cat,fakegroupA
S118,8,animals,horse,fakegroupA
S118,8,animals,cow,fakegroupA
S118,8,animals,pig,fakegroupA
S118,8,animals,gopher,fakegroupA
S118,8,animals,spider,fakegroupA
S118,8,animals,ant,fakegroupA
S118,8,animals,beetle,fakegroupA
S118,8,animals,worm,fakegroupA
S118,8,animals,penguin,fakegroupA
S118,8,animals,elephant,fakegroupA
S118,8,animals,rhino,fakegroupA
S118,8,animals,tiger,fakegroupA
S118,8,animals,lion,fakegroupA
S118,8,animals,squirrel,fakegroupA
S118,8,animals,ostrich,fakegroupA
S118,8,animals,robin,fakegroupA
S118,8,animals,bluebird,fakegroupA
S118,8,animals,crow,fakegroupA
S118,8,animals,sparrow,fakegroupA
S118,8,animals,dolphin,fakegroupA
S118,8,animals,shark,fakegroupA
S118,8,animals,turtle,fakegroupA
S118,8,animals,frog,fakegroupA
S118,8,animals,fly,fakegroupA
S118,8,animals,cricket,fakegroupA
S118,8,animals,grasshopper,fakegroupA
S119,2,animals,dog,fakegroupA
S119,2,animals,cat,fakegroupA
S119,2,animals,fish,fakegroupA
S119,2,animals,spider,fakegroupA
S119,2,animals,lion,fakegroupA
S119,2,animals,rhino,fakegroupA
S119,2,animals,elephant,fakegroupA
S119,2,animals,tiger,fakegroupA
S119,2,animals,jaguar,fakegroupA
S119,2,animals,parrot,fakegroupA
S119,2,animals,penguin,fakegroupA
S119,2,animals,horse,fakegroupA
S119,2,animals,cow,fakegroupA
S119,2,animals,donkey,fakegroupA
S119,2,animals,emu,fakegroupA
S119,2,animals,skunk,fakegroupA
S119,2,animals,opossum,fakegroupA
S119,2,animals,squirrel,fakegroupA
S119,2,animals,frog,fakegroupA
S119,2,animals,snake,fakegroupA
S119,2,animals,shark,fakegroupA
S119,2,animals,whale,fakegroupA
S119,2,animals,lizard,fakegroupA
S119,2,animals,pig,fakegroupA
S119,2,animals,chicken,fakegroupA
S119,2,animals,duck,fakegroupA
S119,2,animals,turkey,fakegroupA
S119,2,animals,bear,fakegroupA
S119,2,animals,giraffe,fakegroupA
S119,2,animals,hippo,fakegroupA
S119,4,animals,dog,fakegroupA
S119,4,animals,cat,fakegroupA
S119,4,animals,parrot,fakegroupA
S119,4,animals,horse,fakegroupA
S119,4,animals,cow,fakegroupA
S119,4,animals,pig,fakegroupA
S119,4,animals,turkey,fakegroupA
S119,4,animals,chicken,fakegroupA
S119,4,animals,goose,fakegroupA
S119,4,animals,swan,fakegroupA
S119,4,animals,elephant,fakegroupA
S119,4,animals,lion,fakegroupA
S119,4,animals,tiger,fakegroupA
S119,4,animals,rhino,fakegroupA
S119,4,animals,hippo,fakegroupA
S119,4,animals,skunk,fakegroupA
S119,4,animals,opossum,fakegroupA
S119,4,animals,spider,fakegroupA
S119,4,animals,rat,fakegroupA
S119,4,animals,mouse,fakegroupA
S119,4,animals,snake,fakegroupA
S119,4,animals,lizard,fakegroupA
S119,4,animals,pig,fakegroupA
S119,4,animals,emu,fakegroupA
S119,4,animals,ant,fakegroupA
S119,4,animals,fly,fakegroupA
S119,4,animals,whale,fakegroupA
S119,4,animals,shark,fakegroupA
S119,4,animals,jaguar,fakegroupA
S119,6,animals,dog,fakegroupA
S119,6,animals,cat,fakegroupA
S119,6,animals,parrot,fakegroupA
S119,6,animals,fish,fakegroupA
S119,6,animals,shark,fakegroupA
S119,6,animals,whale,fakegroupA
S119,6,animals,dolphin,fakegroupA
S119,6,animals,lion,fakegroupA
S119,6,animals,tiger,fakegroupA
S119,6,animals,monkey,fakegroupA
S119,6,animals,gorilla,fakegroupA
S119,6,animals,emu,fakegroupA
S119,6,animals,penguin,fakegroupA
S119,6,animals,raven,fakegroupA
S119,6,animals,crow,fakegroupA
S119,6,animals,lion,fakegroupA
S119,6,animals,tiger,fakegroupA
S119,6,animals,elephant,fakegroupA
S119,6,animals,rhino,fakegroupA
S119,6,animals,meerkat,fakegroupA
S119,6,animals,snake,fakegroupA
S119,6,animals,lizard,fakegroupA
S119,6,animals,opossum,fakegroupA
S119,6,animals,bear,fakegroupA
S120,2,animals,dog,fakegroupA
S120,2,animals,cat,fakegroupA
S120,2,animals,hamster,fakegroupA
S120,2,animals,rabbit,fakegroupA
S120,2,animals,parrot,fakegroupA
S120,2,animals,bears,fakegroupA
S120,2,animals,dolphins,fakegroupA
S120,2,animals,hawk,fakegroupA
S120,2,animals,ostrich,fakegroupA
S120,2,animals,falcon,fakegroupA
S120,2,animals,salmon,fakegroupA
S120,2,animals,frog,fakegroupA
S120,2,animals,tadpole,fakegroupA
S120,2,animals,crocodile,fakegroupA
S120,2,animals,fakegroupAigator,fakegroupA
S120,2,animals,tiger,fakegroupA
S120,2,animals,lion,fakegroupA
S120,2,animals,pig,fakegroupA
S120,2,animals,cow,fakegroupA
S120,2,animals,sheep,fakegroupA
S120,2,animals,goat,fakegroupA
S120,2,animals,bull,fakegroupA
S120,2,animals,abex,fakegroupA
S120,2,animals,goat,fakegroupA
S120,2,animals,donkey,fakegroupA
S120,2,animals,goose,fakegroupA
S120,2,animals,chicken,fakegroupA
S120,2,animals,duck,fakegroupA
S120,2,animals,swan,fakegroupA
S120,2,animals,squirrel,fakegroupA
S120,2,animals,gerbil,fakegroupA
S120,2,animals,otter,fakegroupA
S120,2,animals,whale,fakegroupA
S120,2,animals,stingray,fakegroupA
S120,2,animals,blowfish,fakegroupA
S120,2,animals,penguin,fakegroupA
S120,2,animals,seal,fakegroupA
S120,2,animals,seagull,fakegroupA
S120,2,animals,rat,fakegroupA
S120,2,animals,mouse,fakegroupA
S120,2,animals,iguana,fakegroupA
S120,2,animals,snake,fakegroupA
S120,5,animals,bear,fakegroupA
S120,5,animals,cat,fakegroupA
S120,5,animals,dog,fakegroupA
S120,5,animals,falcon,fakegroupA
S120,5,animals,parrot,fakegroupA
S120,5,animals,hawk,fakegroupA
S120,5,animals,ostrich,fakegroupA
S120,5,animals,penguin,fakegroupA
S120,5,animals,seal,fakegroupA
S120,5,animals,otter,fakegroupA
S120,5,animals,whale,fakegroupA
S120,5,animals,dolphin,fakegroupA
S120,5,animals,shark,fakegroupA
S120,5,animals,stingray,fakegroupA
S120,5,animals,clownfish,fakegroupA
S120,5,animals,frog,fakegroupA
S120,5,animals,toad,fakegroupA
S120,5,animals,fakegroupAigator,fakegroupA
S120,5,animals,crocodile,fakegroupA
S120,5,animals,mouse,fakegroupA
S120,5,animals,rat,fakegroupA
S120,5,animals,hamster,fakegroupA
S120,5,animals,gerbil,fakegroupA
S120,5,animals,rabbit,fakegroupA
S120,5,animals,chameleon,fakegroupA
S120,5,animals,snake,fakegroupA
S120,5,animals,ferret,fakegroupA
S120,5,animals,chinchilla,fakegroupA
S120,5,animals,pig,fakegroupA
S120,5,animals,cow,fakegroupA
S120,5,animals,horse,fakegroupA
S120,5,animals,donkey,fakegroupA
S120,5,animals,sheep,fakegroupA
S120,5,animals,goat,fakegroupA
S120,5,animals,abex,fakegroupA
S120,5,animals,bull,fakegroupA
S120,5,animals,kangaroo,fakegroupA
S120,5,animals,koala,fakegroupA
S120,5,animals,gazelle,fakegroupA
S120,5,animals,zebra,fakegroupA
S120,5,animals,tiger,fakegroupA
S120,5,animals,panda,fakegroupA
S120,5,animals,salmon,fakegroupA
S120,7,animals,dog,fakegroupA
S120,7,animals,cat,fakegroupA
S120,7,animals,rabbit,fakegroupA
S120,7,animals,hamster,fakegroupA
S120,7,animals,gerbil,fakegroupA
S120,7,animals,rat,fakegroupA
S120,7,animals,mouse,fakegroupA
S120,7,animals,chinchilla,fakegroupA
S120,7,animals,hamster,fakegroupA
S120,7,animals,snake,fakegroupA
S120,7,animals,iguana,fakegroupA
S120,7,animals,parrot,fakegroupA
S120,7,animals,seagull,fakegroupA
S120,7,animals,penguin,fakegroupA
S120,7,animals,falcon,fakegroupA
S120,7,animals,hawk,fakegroupA
S120,7,animals,eagle,fakegroupA
S120,7,animals,dolphin,fakegroupA
S120,7,animals,shark,fakegroupA
S120,7,animals,stingray,fakegroupA
S120,7,animals,orca,fakegroupA
S120,7,animals,otter,fakegroupA
S120,7,animals,eel,fakegroupA
S120,7,animals,monkey,fakegroupA
S120,7,animals,cow,fakegroupA
S120,7,animals,giraffe,fakegroupA
S120,7,animals,zebra,fakegroupA
S120,7,animals,panda,fakegroupA
S120,7,animals,tiger,fakegroupA
S120,7,animals,lion,fakegroupA
S120,7,animals,gazelle,fakegroupA
S120,7,animals,horse,fakegroupA
S120,7,animals,panther,fakegroupA
S120,7,animals,peacock,fakegroupA
S120,7,animals,koala,fakegroupA
S120,7,animals,kangaroo,fakegroupA
